﻿title,price,layout,area,orientation,district,update_time,tags,link,price_numeric,area_numeric,price_per_sqm,bedrooms,livingrooms,total_rooms,orientation_clean,update_category
整租·晨阳小区 2室1厅 南,3000 元/月,2室1厅1卫,75.00㎡,,浦东,今天维护,无,https://sh.lianjia.com/zufang/SH2049351617651671040.html,3000.0,75.0,40.0,2,1,3,未知朝向,今天更新
整租·海悦华庭 1室1厅 南,7500 元/月,1室1厅1卫,45.96㎡,,浦东,今天维护,无,https://sh.lianjia.com/zufang/SH2048702557424975872.html,7500.0,45.96,163.19,1,1,2,未知朝向,今天更新
整租·金杨新村四街坊 1室1厅 南,3955 元/月,1室1厅1卫,42.88㎡,,浦东,今天维护,无,https://sh.lianjia.com/zufang/SH2049347799367024640.html,3955.0,42.88,92.23,1,1,2,未知朝向,今天更新
独栋·纳仕 张江科学之门星庐2 张江核心区 13号线学林路 国企直租 全朝南一房 拎包入住 1室1厅,5730-6085 元/月,1室1厅1卫,43.00㎡,,浦东,2天前维护,无,https://sh.lianjia.com/apartment/92536.html,5907.5,43.0,137.38,1,1,2,未知朝向,2天前
整租·新世纪花苑(一期)(浦东) 2室1厅 南,4700 元/月,2室1厅1卫,51.00㎡,,浦东,今天维护,无,https://sh.lianjia.com/zufang/SH2049344578762309632.html,4700.0,51.0,92.16,2,1,3,未知朝向,今天更新
独栋·纳仕 张江国际社区右里Z区7店 新店特惠 张江集团直租公寓 宜家绿色家具，民水民电，宠物友好 开间,3240-3380 元/月,1室0厅1卫,31.00㎡,,浦东,1个月前维护,无,https://sh.lianjia.com/apartment/86503.html,3310.0,31.0,106.77,1,0,1,未知朝向,较早更新
整租·妙城公寓 3室2厅 南/北,5985 元/月,3室2厅2卫,136.17㎡,,浦东,今天维护,无,https://sh.lianjia.com/zufang/SH2049386319087403008.html,5985.0,136.17,43.95,3,2,5,未知朝向,今天更新
整租·仁恒东郊花园 2室2厅 南,9000 元/月,2室2厅1卫,96.99㎡,,浦东,今天维护,无,https://sh.lianjia.com/zufang/SH2048358257596039168.html,9000.0,96.99,92.79,2,2,4,未知朝向,今天更新
整租·利津小区 1室1厅 南,4800 元/月,1室1厅1卫,57.92㎡,,浦东,今天维护,无,https://sh.lianjia.com/zufang/SH2049389968073162752.html,4800.0,57.92,82.87,1,1,2,未知朝向,今天更新
独栋·纳仕 张江国际社区右里Z区7店 管家服务式公寓 宠物友好 独立阳台 宜家环保家居 班车直达 1室1厅,3300 元/月,1室1厅1卫,30.00㎡,,浦东,10天前维护,无,https://sh.lianjia.com/apartment/86503.html,3300.0,30.0,110.0,1,1,2,未知朝向,10天前
整租·金桥一景 3室2厅 南,7800 元/月,3室2厅2卫,120.00㎡,,浦东,今天维护,无,https://sh.lianjia.com/zufang/SH2049413782781820928.html,7800.0,120.0,65.0,3,2,5,未知朝向,今天更新
独栋·方隅服务公寓 上海杨思方隅公寓 【限时特惠】半小时地铁直达陆家嘴 可短租 服务式公寓 有免费健身房 可开票 1室1厅,5500 元/月,1室1厅1卫,40.00㎡,,浦东,2天前维护,无,https://sh.lianjia.com/apartment/78823.html,5500.0,40.0,137.5,1,1,2,未知朝向,2天前
整租·东方城市花园(二期) 2室2厅 南,10500 元/月,2室2厅1卫,117.18㎡,,浦东,今天维护,无,https://sh.lianjia.com/zufang/SH2049384770688778240.html,10500.0,117.18,89.61,2,2,4,未知朝向,今天更新
独栋·方隅服务公寓 上海杨思方隅公寓 【纽大留学生首选】 阳光房 落地窗 近前滩 近地铁 东方体育中心 可养宠物 1室1厅,6500 元/月,1室1厅1卫,47.00㎡,,浦东,3天前维护,无,https://sh.lianjia.com/apartment/78823.html,6500.0,47.0,138.3,1,1,2,未知朝向,3天前
整租·富特五村 2室2厅 南,3650 元/月,2室2厅1卫,77.10㎡,,浦东,今天维护,无,https://sh.lianjia.com/zufang/SH2049422926247100416.html,3650.0,77.1,47.34,2,2,4,未知朝向,今天更新
独栋·方隅服务公寓 杨思方隅公寓 【毕业生专享】押一付一 送电费券 近地铁 免费健身房 月付 可短租 1室1厅,5736 元/月,1室1厅1卫,40.00㎡,,浦东,2天前维护,无,https://sh.lianjia.com/apartment/78826.html,5736.0,40.0,143.4,1,1,2,未知朝向,2天前
整租·尚峰名邸 1室1厅 南,5800 元/月,1室1厅1卫,47.00㎡,,浦东,今天维护,无,https://sh.lianjia.com/zufang/SH2049360145187602432.html,5800.0,47.0,123.4,1,1,2,未知朝向,今天更新
整租·恒大翰城瀚林苑 2室2厅 南/北,7200 元/月,2室2厅1卫,88.34㎡,,浦东,1天前维护,无,https://sh.lianjia.com/zufang/SH2047639999985221632.html,7200.0,88.34,81.5,2,2,4,未知朝向,1天前
独栋·轩椰公寓 旗舰店 精装地铁口一室户 1室1厅,2300-2500 元/月,1室1厅1卫,30.00㎡,,浦东,1个月前维护,无,https://sh.lianjia.com/apartment/87032.html,2400.0,30.0,80.0,1,1,2,未知朝向,较早更新
整租·永泰花苑 1室1厅 南,4100 元/月,1室1厅1卫,54.00㎡,,浦东,今天维护,无,https://sh.lianjia.com/zufang/SH2049342834460327936.html,4100.0,54.0,75.93,1,1,2,未知朝向,今天更新
整租·上海绿城 3室2厅 南,15000 元/月,3室2厅2卫,127.49㎡,,浦东,今天维护,无,https://sh.lianjia.com/zufang/SH2049028781833715712.html,15000.0,127.49,117.66,3,2,5,未知朝向,今天更新
独栋·轩椰公寓 旗舰店 9号线地铁口 物业直租 直达金吉路 世纪大道 1室1厅,2300-2500 元/月,1室1厅1卫,40.00㎡,,浦东,1个月前维护,无,https://sh.lianjia.com/apartment/87032.html,2400.0,40.0,60.0,1,1,2,未知朝向,较早更新
整租·杉林新月环林东路799弄 1室1厅 南/北,4450 元/月,1室1厅1卫,62.00㎡,,浦东,今天维护,无,https://sh.lianjia.com/zufang/SH2049385354804330496.html,4450.0,62.0,71.77,1,1,2,未知朝向,今天更新
整租·万源晶典 1室1厅 北,5600 元/月,1室1厅1卫,33.00㎡,,浦东,今天维护,无,https://sh.lianjia.com/zufang/SH2049438090182787072.html,5600.0,33.0,169.7,1,1,2,未知朝向,今天更新
独栋·贝壳海盐公寓 芳芯路店 毕业生特惠房【3min地铁】去班味儿花园式公寓/独立厨卫/可拎包入住 1室1厅,4250-4700 元/月,1室1厅1卫,20.40-31.00㎡,,浦东,22天前维护,无,https://sh.lianjia.com/apartment/77741.html,4475.0,25.7,174.12,1,1,2,未知朝向,22天前
整租·康杰雅庭 1室2厅 南,4000 元/月,1室2厅1卫,62.00㎡,,浦东,1天前维护,无,https://sh.lianjia.com/zufang/SH2048690881673822208.html,4000.0,62.0,64.52,1,2,3,未知朝向,1天前
整租·毕加索小镇(一期)(公寓) 2室1厅 南,6500 元/月,2室1厅1卫,89.47㎡,,浦东,3天前维护,无,https://sh.lianjia.com/zufang/SH2021064236859392000.html,6500.0,89.47,72.65,2,1,3,未知朝向,3天前
整租·宁怡苑 2室1厅 南,4500 元/月,2室1厅1卫,77.12㎡,,浦东,今天维护,无,https://sh.lianjia.com/zufang/SH2035193984921370624.html,4500.0,77.12,58.35,2,1,3,未知朝向,今天更新
整租·中建朗阅府 4室2厅 南,42800 元/月,4室2厅3卫,173.62㎡,,浦东,2天前维护,无,https://sh.lianjia.com/zufang/SH2048599223263297536.html,42800.0,173.62,246.52,4,2,6,未知朝向,2天前
独栋·贝壳海盐公寓 芳芯路二店 18号线地铁口200m/双窗高层大一居/带沙发电视/干湿分离 1室1厅,5650-6400 元/月,1室1厅1卫,32.30-42.90㎡,,浦东,17天前维护,无,https://sh.lianjia.com/apartment/91927.html,6025.0,37.599999999999994,160.24,1,1,2,未知朝向,17天前
独栋·贝壳海盐公寓 芳芯路店 【毕业季限时好房】张江花园式公寓/带小院大一室/可拎包入住 1室1厅,5200-5900 元/月,1室1厅1卫,33.00-33.20㎡,,浦东,1个月前维护,无,https://sh.lianjia.com/apartment/77741.html,5550.0,33.1,167.67,1,1,2,未知朝向,较早更新
整租·莲溪二村 3室1厅 南,6500 元/月,3室1厅1卫,113.41㎡,,浦东,1天前维护,无,https://sh.lianjia.com/zufang/SH2047894862933524480.html,6500.0,113.41,57.31,3,1,4,未知朝向,1天前
整租·建华铂中环 3室1厅 南,7000 元/月,3室1厅2卫,81.23㎡,,浦东,1天前维护,无,https://sh.lianjia.com/zufang/SH2035281131242258432.html,7000.0,81.23,86.18,3,1,4,未知朝向,1天前
独栋·城投宽庭 张江社区 沪漂首选 独立一房 民用水电 签约立减房租 灵活租期 可停车 1室1厅,2200 元/月,1室1厅1卫,24.00㎡,,浦东,7天前维护,无,https://sh.lianjia.com/apartment/68446.html,2200.0,24.0,91.67,1,1,2,未知朝向,7天前
独栋·城投宽庭 张江社区 轻奢一房一厅58平 厅卧分离 民水民电 送一年宽带 1室1厅,4800 元/月,1室1厅1卫,58.00㎡,,浦东,7天前维护,无,https://sh.lianjia.com/apartment/68446.html,4800.0,58.0,82.76,1,1,2,未知朝向,7天前
独栋·城投宽庭 张江社区 11号线高品质公寓 租期灵活 可月付 民用水电 送宽带 好停 1室1厅,4800 元/月,1室1厅1卫,58.00㎡,,浦东,7天前维护,无,https://sh.lianjia.com/apartment/68446.html,4800.0,58.0,82.76,1,1,2,未知朝向,7天前
独栋·冠寓 上海浦东大道店 龙湖直租0中介 品牌公寓独居女性首选 全方位监控覆盖 开间,3600-4000 元/月,1室0厅1卫,20.00㎡,,浦东,2天前维护,无,https://sh.lianjia.com/apartment/18557.html,3800.0,20.0,190.0,1,0,1,未知朝向,2天前
整租·华发四季 3室2厅 南,11500 元/月,3室2厅2卫,117.00㎡,,浦东,3天前维护,无,https://sh.lianjia.com/zufang/SH2046587266398158848.html,11500.0,117.0,98.29,3,2,5,未知朝向,3天前
独栋·冠寓 上海浦东大道店 五一焕新 陆家嘴企业租房首选 独立一居室 24小时安保 专业对接人员 省心租 开间,3204-3760 元/月,1室0厅1卫,16.00㎡,,浦东,2天前维护,无,https://sh.lianjia.com/apartment/18557.html,3482.0,16.0,217.62,1,0,1,未知朝向,2天前
独栋·金茂公寓 横沔店 开业82折悦享潮居 方寸间大世界 可养宠 保租房 免费住45天 1室2厅,5865-6630 元/月,1室2厅1卫,70.00㎡,,浦东,2天前维护,无,https://sh.lianjia.com/apartment/92954.html,6247.5,70.0,89.25,1,2,3,未知朝向,2天前
整租·保利玲珑公馆 3室2厅 南,3000 元/月,3室2厅1卫,80.87㎡,,浦东,5天前维护,无,https://sh.lianjia.com/zufang/SH2035570962048483328.html,3000.0,80.87,37.1,3,2,5,未知朝向,5天前
独栋·金茂公寓 横沔店 开业85折 免租1.5个月 保租房小窝 自由随心栖居 2室2厅,7700 元/月,2室2厅1卫,76.00㎡,,浦东,2天前维护,无,https://sh.lianjia.com/apartment/92954.html,7700.0,76.0,101.32,2,2,4,未知朝向,2天前
整租·舜川公寓 2室1厅 南/北,3500 元/月,2室1厅1卫,83.00㎡,,浦东,1天前维护,无,https://sh.lianjia.com/zufang/SH2033123187641810944.html,3500.0,83.0,42.17,2,1,3,未知朝向,1天前
整租·阳光花城 3室2厅 南,11000 元/月,3室2厅2卫,115.66㎡,,浦东,1天前维护,无,https://sh.lianjia.com/zufang/SH2048314547105693696.html,11000.0,115.66,95.11,3,2,5,未知朝向,1天前
整租·潍坊七村 2室1厅 南,6000 元/月,2室1厅1卫,53.27㎡,,浦东,3天前维护,无,https://sh.lianjia.com/zufang/SH2048319752224374784.html,6000.0,53.27,112.63,2,1,3,未知朝向,3天前
整租·春晖苑 2室2厅 南,4500 元/月,2室2厅1卫,99.82㎡,,浦东,今天维护,无,https://sh.lianjia.com/zufang/SH2046795606172631040.html,4500.0,99.82,45.08,2,2,4,未知朝向,今天更新
